{
  "IcoMoonType": "selection",
  "icons": [
    {
      "icon": {
        "paths": [
          "M153.6 256c0-28.277 22.923-51.2 51.2-51.2h614.4c28.277 0 51.2 22.923 51.2 51.2s-22.923 51.2-51.2 51.2l-614.4-0c-28.277 0-51.2-22.923-51.2-51.2l-0 0zM153.6 512c0-28.277 22.923-51.2 51.2-51.2h614.4c28.277 0 51.2 22.923 51.2 51.2s-22.923 51.2-51.2 51.2l-614.4 0c-28.277 0-51.2-22.923-51.2-51.2h0zM153.6 768c0-28.277 22.923-51.2 51.2-51.2h614.4c28.277 0 51.2 22.923 51.2 51.2s-22.923 51.2-51.2 51.2h-614.4c-28.277 0-51.2-22.923-51.2-51.2h-0z"
        ],
        "attrs": [
          {}
        ],
        "isMulticolor": false,
        "isMulticolor2": false,
        "grid": 0,
        "tags": [
          "menu-burger"
        ]
      },
      "attrs": [
        {}
      ],
      "properties": {
        "order": 36,
        "id": 0,
        "name": "menu-burger",
        "prevSize": 32
      },
      "setIdx": 0,
      "setId": 7,
      "iconIdx": 0
    }
  ],
  "height": 1024,
  "preferences": {
    "showGlyphs": true,
    "showQuickUse": true,
    "showQuickUse2": true,
    "showSVGs": true,
    "fontPref": {
      "prefix": "icon-",
      "metadata": {
        "fontFamily": "icomoon"
      },
      "metrics": {
        "emSize": 1024,
        "baseline": 6.25,
        "whitespace": 50
      },
      "embed": false
    },
    "imagePref": {
      "prefix": "icon-",
      "png": true,
      "useClassSelector": true,
      "color": 0,
      "bgColor": 16777215,
      "classSelector": ".icon",
      "name": "icomoon",
      "height": 32,
      "columns": 16,
      "margin": 16
    },
    "historySize": 50,
    "showCodes": true,
    "gridSize": 16
  }
}